<?xml version="1.0" encoding="UTF-8"?>
<!--
To change this license header, choose License Headers in Project Properties.
To change this template file, choose Tools | Templates
and open the template in the editor.
-->


<LibrarianData>
    <librarian>
        <id>1</id>
        <username>admin</username>
        <password>1234</password>
        <email>hieupm2096@gmail.com</email>
        <dob>1996-09-20</dob>
        <address>Hanoi</address>
        <gender>true</gender>
        <status>true</status>
    </librarian>
    <librarian>
        <id>1</id>
        <username>triph</username>
        <password>1234</password>
        <email>triph@gmail.com</email>
        <dob>1996-09-20</dob>
        <address>Hanoi</address>
        <gender>true</gender>
        <status>true</status>
    </librarian>
    <librarian>
        <id>1</id>
        <username>datptt</username>
        <password>1234</password>
        <email>datptt012@gmail.com</email>
        <dob>1996-09-20</dob>
        <address>Hanoi</address>
        <gender>true</gender>
        <status>true</status>
    </librarian>
</LibrarianData>
